Frame,integer_adm2,integer_adm_scale0,integer_adm_scale1,integer_adm_scale2,integer_adm_scale3,integer_motion2,integer_motion,integer_vif_scale0,integer_vif_scale1,integer_vif_scale2,integer_vif_scale3,psnr_y,psnr_cb,psnr_cr,vmaf,
0,0.427687,0.507659,0.431666,0.370652,0.385845,0.000000,0.000000,0.000554,0.015523,0.030855,0.061724,11.261302,11.799796,11.409597,8.917666,
1,0.427687,0.507659,0.431666,0.370652,0.385845,0.000000,0.000000,0.000554,0.015523,0.030855,0.061724,11.261302,11.799796,11.409597,8.917666,
